Country,Regional indicator,Ladder score,Standard error of ladder score,upperwhisker,lowerwhisker,Logged GDP per capita,Social support,Healthy life expectancy,Freedom to make life choices,Generosity,Perceptions of corruption,Ladder score in Dystopia,Explained by: Log GDP per capita,Explained by: Social support,Explained by: Healthy life expectancy,Explained by: Freedom to make life choices,Explained by: Generosity,Explained by: Perceptions of corruption,Dystopia + residual,Population (2020),Net Change,Density (P/Km²),Land Area (Km²),Migrants (net),Rank,Cost of Living Index,Rent Index,Cost of Living Plus Rent Index,Groceries Index,Restaurant Price Index,Local Purchasing Power Index
Albania,Central and Eastern Europe,4.882699966000001,0.056115732,4.992686749,4.772713184,9.417930603,0.671070457,68.70813751,0.7819942240000001,-0.042309489000000006,0.896303713,1.9723167419999998,0.906653047,0.830483913,0.8463296290000001,0.461945891,0.171027765,0.025361285,1.640897036,2878420,-3120,105,27400,-14000.0,424.0,37.25,10.18,24.43,28.33,31.35,35.89
Algeria,Middle East and North Africa,5.005099773,0.044236008,5.09180212,4.9183974269999995,9.537964821000001,0.8033851390000001,65.90517426,0.46661090899999996,-0.121105164,0.7354851370000001,1.9723167419999998,0.9438560009999999,1.143003583,0.745418549,0.083943799,0.118915014,0.12919065400000002,1.8408117290000001,43685618,797990,18,2381740,-10000.0,469.0,33.44,8.93,21.84,33.22,21.35,36.42
Argentina,Latin America and Caribbean,5.974699974,0.053441759000000005,6.079445839,5.869954109,9.810955048,0.900567949,68.80380249,0.831132412,-0.194913864,0.8420098420000001,1.9723167419999998,1.028465629,1.3725436930000001,0.849773705,0.520840347,0.070100471,0.06041505900000001,2.072540998,45111229,415097,17,2736690,4800.0,409.0,38.57,11.75,25.87,29.66,37.47,59.76
Armenia,Commonwealth of Independent States,4.676799774,0.058595355999999994,4.791646481,4.561953068,9.100476265,0.7574794290000001,66.75065613,0.7120178340000001,-0.13877961,0.7735447879999999,1.9723167419999998,0.8082624079999999,1.0345768929999999,0.77585727,0.37807580799999996,0.107225738,0.104618184,1.468161583,2962137,5512,104,28470,-4998.0,472.0,33.16,9.67,22.04,25.4,33.31,33.43
Australia,North America and ANZ,7.222799778,0.041841116000000005,7.3048081400000004,7.140791416000001,10.720596310000001,0.9448546170000001,73.60453796,0.915431738,0.19046016,0.41516911999999995,1.9723167419999998,1.3103964329999997,1.477146268,1.0226076840000002,0.6218771929999999,0.324973613,0.33599641899999994,2.129804134,25439164,296686,3,7682300,158246.0,126.2,72.033,38.904,56.352,64.478,72.53699999999999,133.36999999999998
Austria,Western Europe,7.294199944,0.033365163999999996,7.359595776,7.2288041110000005,10.7428236,0.9280458690000001,73.00250244,0.899989486,0.085429221,0.49995487899999996,1.9723167419999998,1.317285538,1.437444925,1.000933528,0.6033688779999999,0.255509764,0.28125613899999996,2.398446083,8996022,51296,109,82409,65000.0,84.5,74.7325,28.259999999999998,52.7375,66.1975,70.27250000000001,99.94250000000001
Azerbaijan,Commonwealth of Independent States,5.164800167,0.034197241,5.231826782,5.097773552,9.687726974,0.819308281,65.50839996,0.786824107,-0.24025528100000001,0.55253756,1.9723167419999998,0.990272701,1.180613041,0.731134057,0.467734724,0.040113214,0.24730718100000001,1.507632971,10120555,91459,123,82658,1200.0,493.0,29.41,9.3,19.89,24.32,31.25,34.29
Bahrain,Middle East and North Africa,6.227300167,0.081882261,6.387789249,6.066811085,10.67638016,0.876342118,68.5,0.905855775,0.13372919,0.7393470999999999,1.9723167419999998,1.296692252,1.31532371,0.838836372,0.610399902,0.287453711,0.12669725699999998,1.751917362,1688629,60403,2239,760,47800.0,304.0,55.23,28.59,42.62,47.89,54.77,72.63
Bangladesh,South Asia,4.832799911,0.040124192999999996,4.911443233,4.75415659,8.287063599,0.687292993,64.50306702,0.90062499,-0.033664726,0.661843538,1.9723167419999998,0.556156278,0.8688005809999999,0.694940507,0.604130566,0.17674511699999998,0.176735908,1.755261898,164354176,1643222,1265,130170,-369501.0,481.0,31.57,6.03,19.48,28.1,20.73,41.15
Belarus,Commonwealth of Independent States,5.539899826,0.037060037000000004,5.6125373839999995,5.467262268,9.779945374,0.90674746,66.10433197,0.6391630770000001,-0.164926544,0.63571167,1.9723167419999998,1.0188544990000001,1.38713932,0.75258857,0.29075586800000003,0.08993306,0.193607435,1.8069911,9449940,-3088,47,202910,8730.0,457.0,34.07,10.95,23.13,26.58,38.05,46.29
Belgium,Western Europe,6.863500117999999,0.034370355,6.930866241,6.796133995,10.673639300000001,0.911632538,72.00164795,0.813582063,-0.078691199,0.612297952,1.9723167419999998,1.2958427670000001,1.3986775880000002,0.964901149,0.499805421,0.146966159,0.208724052,2.348626614,11579477,50295,383,30280,48000.0,76.75,75.10499999999999,27.807499999999997,52.7175,60.510000000000005,85.56,97.3075
Brazil,Latin America and Caribbean,6.3755998609999995,0.040790688,6.4555497169999985,6.295650005,9.56643486,0.896723807,66.48016357,0.799804807,-0.101812392,0.7706012729999998,1.9723167419999998,0.952679873,1.3634641169999997,0.7661190629999999,0.48329272900000003,0.131674588,0.106518604,2.571860313,212253150,1509890,25,8358140,21200.0,382.0,41.89555555555556,12.134444444444442,27.80666666666667,29.653333333333332,36.79666666666666,42.80444444444445
Bulgaria,Central and Eastern Europe,5.101500034,0.04422117,5.188173293999999,5.014826775,9.869318962000001,0.937840343,66.80397797,0.745178163,-0.143908441,0.9355851409999999,1.9723167419999998,1.046554685,1.4605789180000002,0.7777768970000001,0.417820066,0.10383371300000001,0.0,1.2949614520000001,6958627,-51674,64,108560,-4800.0,415.25,38.050000000000004,9.0075,24.302500000000002,31.2775,32.0025,56.9325
Cambodia,Southeast Asia,4.8484001160000005,0.058006870999999995,4.962093353,4.734706879,8.249890327000001,0.773080647,61.52996826,0.9597046379999999,0.051911179,0.8227690459999999,1.9723167419999998,0.544634938,1.0714260340000001,0.587904334,0.674940348,0.233342081,0.072837502,1.663300037,16671185,232423,95,176520,-30000.0,355.0,45.67,17.63,32.4,45.08,25.71,22.53
Canada,North America and ANZ,7.2321000100000035,0.040405459999999976,7.311294556000005,7.152905464000005,10.692368509999996,0.927176654,73.60160064999995,0.9339132309999991,0.12477076799999995,0.390843362,1.9723167419999985,1.3016476629999996,1.4353919030000006,1.0225019449999992,0.6440281269999998,0.2815289200000001,0.35170185600000003,2.1952691079999997,37674770,331107,4,9093510,242032.0,203.90322580645162,66.28000000000003,28.94322580645162,48.60612903225807,61.133870967741935,63.966451612903214,115.9174193548387
Chile,Latin America and Caribbean,6.228499889,0.045723889000000004,6.318118572,6.138881207000001,10.0320549,0.879713595,69.90061951,0.7448962929999999,-0.065668367,0.838239431,1.9723167419999998,1.096992493,1.323286891,0.889260828,0.41748222700000004,0.155579001,0.06284935,2.283012867,19082804,164163,26,743532,111708.0,328.0,50.37,17.21,34.68,40.37,50.49,51.83
China,East Asia,5.123899937,0.025901663999999994,5.174667358,5.073132515,9.688568115,0.798760593,69.2891922,0.8985179070000001,-0.18142575000000002,0.7539710999999999,1.972316742,0.9905334119999999,1.132080674,0.867248535,0.6016051170000001,0.079021044,0.117255554,1.336181879,1438207241,5540090,153,9388211,-348399.0,386.1666666666667,41.81666666666667,22.93166666666667,32.876666666666665,39.345,31.49833333333333,82.86500000000001
Colombia,Latin America and Caribbean,6.163400172999999,0.056480873,6.274102687999999,6.052697659,9.500369072,0.884440243,67.69958496,0.8361799120000001,-0.161235645,0.86457181,1.9723167419999998,0.93220371,1.33445096,0.8100201490000001,0.526890039,0.092374094,0.04584837,2.4216566090000002,50771878,543448,46,1109500,204796.0,463.25,33.3475,10.219999999999999,22.3975,25.925,24.8775,38.375
Costa Rica,Latin America and Caribbean,7.121399879,0.044816117999999995,7.209239482999999,7.033560276,9.658156395,0.901545942,71.29985046,0.9347389340000001,-0.10242971,0.7863324279999999,1.9723167419999998,0.981107712,1.374853611,0.9396353359999999,0.6450177429999999,0.131266311,0.096362092,2.953135014,5084636,46557,100,51060,4200.0,298.0,57.84,18.15,39.05,54.0,50.33,53.97
Croatia,Central and Eastern Europe,5.504700184,0.037783645,5.578756332,5.430644035,10.07087517,0.874623716,70.21490479,0.714838803,-0.128538325,0.916495264,1.9723167419999998,1.109024286,1.311264873,0.900575578,0.38145688200000005,0.113998979,0.012325006000000001,1.676029205,4110214,-25037,73,55960,-8001.0,325.5,50.932500000000005,11.737499999999999,32.379999999999995,40.485,42.7175,58.322500000000005
Cyprus,Western Europe,6.15899992,0.050605937999999996,6.258187771,6.0598120689999995,10.40570259,0.8059962390000001,73.70222473,0.7798582909999999,0.043731496,0.8562717440000002,1.9723167419999996,1.21279943,1.149170756,1.0261245970000001,0.4593858720000001,0.227932334,0.051207144,2.032334805,1205577,8784,131,9240,5000.0,293.6666666666667,57.663333333333334,18.126666666666665,38.949999999999996,44.193333333333335,64.73,77.48333333333333
Denmark,Western Europe,7.645599842,0.033492286,7.711244582999999,7.579955101,10.77400112,0.955990791,72.40250397,0.9514442679999999,0.06620177599999999,0.168489456,1.9723167419999998,1.326948524,1.5034492019999999,0.979332566,0.665039897,0.24279339600000002,0.49526032799999997,2.432740688,5788108,20326,137,42430,15200.0,27.5,84.0375,31.945,59.3775,63.4175,104.64250000000001,114.6175
Dominican Republic,Latin America and Caribbean,5.6891999239999995,0.069831297,5.826069355,5.552330494,9.664880753,0.882085383,65.80748749,0.8662027720000001,-0.131263286,0.755999923,1.9723167419999998,0.9831918479999999,1.328888893,0.7419016959999999,0.5628739,0.112196781,0.115945682,1.844246864,10825682,108952,225,48320,-30000.0,352.0,45.88,11.73,29.72,35.34,43.65,32.05
Ecuador,Latin America and Caribbean,5.925199986,0.052880634,6.028846263999999,5.8215537070000005,9.246058463999999,0.836418986,68.50003815,0.8598289490000001,-0.127014965,0.8012151120000001,1.9723167419999996,0.853383601,1.221027613,0.838837743,0.555234551,0.115006477,0.086753383,2.254933834,17587526,269392,71,248360,36400.0,371.0,44.25333333333333,13.43,29.663333333333338,38.51,33.29333333333333,39.96
Egypt,Middle East and North Africa,4.151400089,0.035979423999999996,4.221919537,4.0808806419999994,9.316541672,0.7354478240000001,61.78015137,0.708354175,-0.196878314,0.787726879,1.9723167419999998,0.8752289409999999,0.982539535,0.596911311,0.37368473399999996,0.068801254,0.095461793,1.158818245,101930276,1946331,103,995450,-38033.0,515.5,24.8,4.455,15.170000000000002,21.2,21.14,24.685
El Salvador,Latin America and Caribbean,6.34829998,0.058248438,6.462466717000001,6.234133244,8.909075737,0.8060922620000001,66.10826111,0.833805263,-0.12107297800000001,0.754319906,1.9723167419999998,0.748940408,1.149397612,0.752730012,0.5240439179999999,0.11893630000000001,0.11703035199999999,2.937191725,6479609,32652,313,20720,-40539.0,345.0,47.22,15.92,32.4,45.6,35.92,32.08
Estonia,Central and Eastern Europe,6.0218000410000005,0.035985194,6.0923309329999995,5.95126915,10.34001732,0.9347299929999999,68.60495758,0.87770915,-0.111697771,0.623073816,1.9723167419999998,1.192441225,1.453232527,0.842615008,0.576664805,0.12513674800000002,0.201766819,1.629928112,1326357,887,31,42390,3911.0,318.0,52.44,15.739999999999998,35.065,37.67,52.5,78.745
Ethiopia,Sub-Saharan Africa,4.186200142,0.038915094,4.262473583,4.109926701,7.5093855860000005,0.743307352,58.63959122,0.740795195,0.043377332000000005,0.7536900040000001,1.9723167419999998,0.315125644,1.001103282,0.483846247,0.41256687,0.227698103,0.117437035,1.628459215,114357494,2884858,115,1000000,30000.0,330.0,49.96,28.77,39.93,39.26,25.06,11.84
Finland,Western Europe,7.808700085,0.031156305,7.869766235,7.7476339339999996,10.63926697,0.954329729,71.9008255,0.949172199,-0.059482019000000004,0.19544458399999998,1.9723167419999998,1.285189509,1.499525905,0.961271405,0.66231674,0.159670442,0.477857262,2.7628350260000003,5539002,8564,18,303890,14000.0,82.75,75.88749999999999,28.87,53.63,60.38249999999999,86.6,117.9825
France,Western Europe,6.663799762999999,0.037576791,6.737450123000001,6.590149402999999,10.58422279,0.9371037480000001,73.80193328999998,0.8254676459999999,-0.13064196700000003,0.583521128,1.972316742,1.2681293490000003,1.458839178,1.0297142269999997,0.5140509010000001,0.11260770300000003,0.22730323700000007,2.0531983380000005,65244628,143783,119,547557,36527.0,92.0909090909091,74.89545454545456,26.673636363636366,52.06909090909091,65.27,74.46727272727273,99.23818181818181
Georgia,Commonwealth of Independent States,4.672599792,0.043417412999999995,4.757698059,4.5875015260000005,9.226100922,0.629033029,64.49520874,0.8016415240000001,-0.22892037,0.665944695,1.9723167419999998,0.847198069,0.7311939000000001,0.6946576240000001,0.485494107,0.047609735,0.174088076,1.69239831,3990681,-7598,57,69490,-10000.0,488.0,30.22,10.46,20.87,23.36,29.22,39.57
Germany,Western Europe,7.075799942000002,0.03560980400000001,7.145595074,7.006004810000002,10.7328186,0.8988744620000001,72.20201873999999,0.867371082,0.08017938599999998,0.45642203099999984,1.972316742,1.314184546,1.3685437440000001,0.9721148009999998,0.5642741319999998,0.25203770400000003,0.309362292,2.295249462,83730223,266897,240,348560,543822.0,170.1764705882353,68.82058823529412,28.275882352941178,49.62764705882353,52.337647058823514,66.16176470588235,127.12
Ghana,Sub-Saharan Africa,5.1479997630000005,0.058634609000000004,5.262923717,5.033075809,8.350645065,0.728601098,57.20398712,0.794796526,0.09417085300000001,0.8479647640000001,1.9723167419999998,0.575862467,0.96636796,0.432162255,0.47729006399999996,0.261291206,0.056570380999999996,2.378437281,30936375,655084,137,227540,-10000.0,300.0,57.23,36.27,47.31,50.61,35.26,14.15
Greece,Western Europe,5.514999866,0.046931833,5.606986046,5.423013687,10.13232613,0.8143803479999999,72.40525818,0.5413451189999999,-0.30090737300000003,0.8599314090000001,1.9723167419999998,1.128070116,1.168973565,0.979431748,0.17351634800000001,0.0,0.048844352,2.016179085,10433037,-50401,81,128900,-16000.0,288.0,59.205,12.004999999999999,36.855000000000004,44.205,60.365,51.16
Guatemala,Latin America and Caribbean,6.398900032,0.058398303,6.5133605,6.2844395639999995,8.924805641,0.8166214820000001,64.8089447,0.9081475729999999,-0.042938665,0.783237457,1.9723167419999998,0.7538157109999999,1.174267054,0.705952585,0.613146722,0.170611665,0.09836030000000001,2.882723093,17846248,334096,167,107160,-9215.0,362.0,44.39,14.77,30.37,39.08,34.49,39.76
Hungary,Central and Eastern Europe,6.000400066,0.039473221,6.077767372,5.923032760999999,10.24924374,0.9219341279999999,67.60997009,0.718964577,-0.19432301800000004,0.8929165009999999,1.9723167419999996,1.1643071170000001,1.423009396,0.8067938690000002,0.386401802,0.070491239,0.027548173,2.1218457219999998,9665192,-24328,107,90530,6000.0,399.0,40.06666666666667,11.643333333333333,26.613333333333333,31.00666666666667,31.513333333333335,53.70666666666667
Iceland,Western Europe,7.504499912000001,0.059615862,7.6213469510000005,7.387652874,10.77255917,0.9746695759999999,73.0,0.948891878,0.246944219,0.7117097379999999,1.9723167419999998,1.326501608,1.5475674869999998,1.000843406,0.661980748,0.362330228,0.14454077199999998,2.460688114,340795,2212,3,100250,380.0,7.0,112.57,57.4,86.45,98.53,127.87,94.21
India,South Asia,3.573299884999998,0.027702235000000013,3.627596378000003,3.5190033909999987,8.849823952000007,0.5922009349999997,60.21518706999997,0.8814448709999996,0.05755160699999996,0.7720426919999996,1.9723167419999987,0.7305761580000004,0.6441986560000003,0.5405701399999999,0.5811422470000003,0.23707248300000014,0.10558798199999996,0.7341308590000003,1377233523,13586631,464,2973190,-532687.0,517.6333333333333,24.423999999999992,6.095666666666667,15.74766666666667,23.683666666666667,18.05833333333333,74.81066666666669
Indonesia,Southeast Asia,5.285600185,0.047692381,5.379077435,5.1921229360000005,9.36975193,0.808379889,62.15584946,0.8706144090000001,0.519586504,0.876296401,1.9723167419999998,0.891720712,1.1548008920000001,0.610437036,0.568161428,0.542646527,0.038278612999999996,1.4795734880000002,272931713,2898047,151,1811570,-98955.0,418.8,37.858,9.196000000000002,24.290000000000003,39.968,18.874,30.720000000000006
Iran,Middle East and North Africa,4.672399998,0.05587802099999999,4.78192091,4.562879086000001,9.813719749,0.6946896909999999,66.00614929,0.647873282,0.11789110300000001,0.714635968,1.9723167419999998,1.029322505,0.8862711790000001,0.749053836,0.301195472,0.27697894,0.142651513,1.286969423,83771587,1079043,52,1628550,-55000.0,453.0,34.19,18.48,26.75,28.27,29.54,40.89
Iraq,Middle East and North Africa,4.7848000530000006,0.077791877,4.937272072,4.632328033,9.661095619,0.7476949690000001,59.90354919,0.633182645,-0.06956476,0.82226181,1.9723167419999998,0.9820187090000001,1.011466622,0.529350698,0.283588052,0.15300206800000002,0.073164992,1.752173662,40031626,912710,93,434320,7834.0,360.5,44.84,12.89,29.715000000000003,36.974999999999994,35.715,47.93
Ireland,Western Europe,7.093699932000001,0.039863452,7.171832085,7.01556778,11.16097832,0.9420815709999999,72.30078888,0.8869829770000001,0.145784974,0.357184172,1.9723167419999998,1.446886778,1.470596433,0.975670695,0.587779939,0.295426995,0.37343326200000004,1.943878174,4926480,55291,72,68890,23604.0,100.75,74.245,39.965,58.015,60.285000000000004,76.38250000000001,98.14500000000001
Israel,Middle East and North Africa,7.128600121,0.042515181,7.211929798,7.045270443,10.41752529,0.913571239,73.20025635,0.7475805879999999,0.10259372,0.78085506,1.9723167419999998,1.216463685,1.4032567740000002,1.008052945,0.42069947700000004,0.26686179600000004,0.09989845,2.713358402,8627444,136158,400,21640,10000.0,84.0,74.89500000000001,31.9425,54.56,58.1225,84.3325,98.085
Italy,Western Europe,6.3874001499999995,0.043288074,6.472244739999999,6.302555560999999,10.48183632,0.8898785709999999,73.60168456999999,0.6646519900000001,-0.04346099900000001,0.8734046820000002,1.972316742,1.236396074,1.3472959999999998,1.0225049259999999,0.321305573,0.17026621099999997,0.040145598,2.249505997,60479424,-88249,206,294140,148943.0,158.63636363636363,69.61999999999999,24.184545454545454,48.11181818181819,57.83454545454545,73.15545454545453,79.81181818181818
Jamaica,Latin America and Caribbean,5.889800072000001,0.12059043300000001,6.126157284,5.65344286,9.006250381000001,0.9157018659999999,67.09999847,0.8580685259999999,-0.12510676699999998,0.8888900279999999,1.9723167419999998,0.779058397,1.408289194,0.7884340879999999,0.553124607,0.116268493,0.030147785,2.214436531,2958567,12888,273,10830,-11332.0,232.0,64.59,15.89,41.54,64.91,41.79,29.03
Japan,East Asia,5.870800018,0.041391667,5.951927662,5.789672375,10.57968903,0.883545935,75.00096893,0.8099613790000001,-0.24691034899999997,0.654558063,1.9723167419999998,1.26672411,1.332338691,1.072881341,0.495465875,0.03571178,0.18143963800000001,1.4862003330000002,126552765,-383840,347,364555,71560.0,55.0,79.655,29.39,55.865,75.02,50.39,107.595
Jordan,Middle East and North Africa,4.6333999630000005,0.058751218,4.748552322,4.518247604,9.025999069,0.80216372,66.79975128,0.75104779,-0.162565202,0.700344324,1.9723167419999998,0.785179198,1.140118599,0.777624726,0.42485508299999997,0.091494769,0.151878625,1.262258053,10182442,101440,115,88780,10220.0,307.0,54.72,12.29,34.63,43.18,53.3,45.41
Kazakhstan,Commonwealth of Independent States,6.0578999520000005,0.043229785,6.1426301,5.973169803999999,10.11465836,0.934744895,64.60996246,0.811601937,-0.068488635,0.7644908429999999,1.9723167419999998,1.122594237,1.453267694,0.6987889409999999,0.497432142,0.15371379300000002,0.11046368599999999,2.021602631,18730568,225280,7,2699700,-18000.0,461.0,33.705,11.84,23.354999999999997,26.155,34.33,42.31
Kenya,Sub-Saharan Africa,4.583000183,0.067804985,4.715898037,4.450102329,8.02977562,0.702652037,60.09693146,0.829747558,0.294681519,0.831499159,1.9723167419999998,0.47641339899999996,0.905077755,0.536312759,0.519180536,0.39390209299999995,0.067201078,1.684904575,53521116,1197323,94,569140,-10000.0,381.0,41.76,13.17,28.23,36.97,35.98,30.62
Latvia,Central and Eastern Europe,5.9499998089999995,0.034838136,6.018282413,5.881717205,10.17531967,0.9182885890000001,66.8074646,0.671237648,-0.186888844,0.7955800890000001,1.9723167419999998,1.14139545,1.414398789,0.7779024240000001,0.329198807,0.075407945,0.090391524,2.121283054,1890218,-20545,30,62200,-14837.0,323.0,50.82,13.56,33.18,36.36,47.56,56.56
Lebanon,Middle East and North Africa,4.771500111,0.043753985,4.857257843,4.6857423780000005,9.3617239,0.824338138,67.10658264,0.5513575079999999,-0.06121527,0.90225625,1.9723167419999998,0.889232516,1.19249332,0.7886711359999999,0.18551667,0.158524141,0.021518147,1.53554225,6831445,-30268,667,10230,-30012.0,275.0,60.79,32.31,47.31,42.01,64.39,54.43
Lithuania,Central and Eastern Europe,6.215499877999999,0.044193108,6.302118301,6.128881453999999,10.34362602,0.926107109,67.29407501,0.747381449,-0.21972529600000001,0.809583843,1.9723167419999996,1.193559647,1.4328657390000001,0.7954211829999999,0.42046079,0.053691040999999995,0.081350274,2.2381460669999997,2729553,-37338,43,62674,-32780.0,347.3333333333333,47.056666666666665,13.19,31.02333333333333,35.29,44.55666666666667,60.32
Luxembourg,Western Europe,7.2375001910000005,0.030851794,7.297969817999999,7.177030563,11.45068073,0.9069122079999999,72.59999847,0.90563643,-0.004620588,0.367084295,1.9723167419999998,1.536676049,1.3875284190000001,0.986442685,0.610137045,0.19595392,0.367041469,2.153700352,623861,10249,242,2590,9741.0,22.0,86.85,61.31,74.76,70.75,99.49,120.25
Malaysia,Southeast Asia,5.384300232,0.04880269599999999,5.479953289,5.288647175,10.26251888,0.8165094259999999,67.10215759,0.8946268560000001,0.11472679699999999,0.8393023009999999,1.972316742,1.168421626,1.17400229,0.7885118720000001,0.596941531,0.274886161,0.06216313299999999,1.3194208149999997,32280610,416222,99,328550,50000.0,370.85714285714283,43.16428571428571,10.780000000000001,27.837142857142858,44.61571428571428,23.25142857142857,66.44857142857143
Maldives,South Asia,5.197599888,0.07198540099999999,5.338691235,5.056508541,9.518632889,0.91316092,70.59999847,0.8539627790000001,0.038085497999999995,0.824211061,1.9723167419999998,0.9378643040000001,1.402287602,0.9144395590000001,0.548203647,0.224198252,0.071906492,1.098674774,538558,9591,1802,300,11370.0,145.0,70.45,31.96,52.23,71.79,39.36,28.32
Malta,Western Europe,6.772799968999999,0.042958103,6.856997967000001,6.688601971000001,10.53383827,0.93037951,72.19999695,0.9249114390000001,0.214965805,0.658547282,1.9723167419999998,1.2525132890000001,1.442956924,0.9720420240000001,0.633239031,0.341180831,0.17886407699999998,1.9520120619999999,441308,1171,1380,320,900.0,146.0,70.33,35.72,53.94,55.05,82.28,70.43
Mexico,Latin America and Caribbean,6.465000152999999,0.048122469,6.559319973,6.370680332,9.797797203,0.8386654260000002,68.29902649,0.8587092759999999,-0.17526662299999998,0.8068215849999999,1.9723167419999998,1.0243874789999998,1.226333499,0.8316010240000001,0.553892553,0.083094485,0.083133668,2.6625401969999998,128655589,1357224,66,1943950,-60000.0,479.55555555555554,31.435555555555553,10.703333333333335,21.62333333333333,27.56111111111111,28.86,56.08555555555556
Moldova,Commonwealth of Independent States,5.607500076,0.042275578,5.690360069,5.5246400829999995,8.776714325,0.843313575,65.01301575,0.721609175,-0.037741039,0.913314283,1.9723167419999998,0.7079167959999999,1.237312198,0.713299453,0.38957148799999997,0.174049184,0.014378743999999999,2.370968342,4035814,-9300,123,32850,-1387.0,463.0,33.75,8.66,21.87,25.05,30.43,32.92
Mongolia,East Asia,5.4562001229999995,0.040313236,5.535213947000001,5.377186298,9.412186623,0.9371424909999999,62.30448532,0.693351328,0.09809386699999999,0.863511205,1.9723167419999998,0.904872775,1.4589306119999998,0.6157881620000001,0.355703115,0.26388573600000004,0.046533125999999994,1.8105275630000002,3267320,53123,2,1553560,-852.0,455.0,34.16,9.46,22.47,31.33,24.29,33.64
Montenegro,Central and Eastern Europe,5.54610014,0.04898582,5.642112255,5.450088023999999,9.751860619,0.855314612,68.50534821,0.649565637,-0.075600356,0.7831215859999999,1.9723167419999998,1.010150075,1.265657902,0.839028895,0.303223848,0.14901033,0.09843511099999999,1.880565882,628050,79,47,13450,-480.0,400.0,39.83,9.68,25.56,29.54,34.44,52.16
Morocco,Middle East and North Africa,5.094799995,0.05565045,5.203875065,4.9857249260000005,8.940313339,0.5926284789999999,65.89624023,0.772072434,-0.240377247,0.8157246109999999,1.9723167419999998,0.75862211,0.6452084779999999,0.745096922,0.45005413899999996,0.040032551,0.07738560400000001,2.378402472,36820713,438791,83,446300,-51419.0,424.0,37.135000000000005,14.36,26.35,30.85,27.53,43.485
Namibia,Sub-Saharan Africa,4.571100235,0.060983475,4.690628052,4.4515724180000005,9.203141212,0.846880972,56.50148773,0.767520964,-0.18530646,0.8514497879999999,1.9723167419999998,0.84008199,1.2457381490000001,0.40687117,0.44459897299999995,0.076454483,0.054320343,1.5030331609999998,2531290,46375,3,823290,-4806.0,354.0,45.84,20.34,33.77,40.21,43.45,55.74
Nepal,South Asia,5.137199879,0.057692084000000005,5.250276566,5.024123192,7.925357342000001,0.785512447,63.77917862,0.797565043,0.154168829,0.7380991579999999,1.9723167419999998,0.444050372,1.100789309,0.66887939,0.480608255,0.300971806,0.127502963,2.014386892,29027347,528098,203,143350,41710.0,477.0,31.89,5.15,19.23,27.07,20.72,26.48
Netherlands,Western Europe,7.448900223000001,0.02779175,7.5033721920000005,7.394428253,10.812711719999998,0.93913883,72.30091858000002,0.9085478189999999,0.20761244000000006,0.364717126,1.972316742,1.338946342,1.4636459350000002,0.975675344,0.6136264799999999,0.336317569,0.36856976199999997,2.352117062,17127290,37742,508,33720,16000.0,81.5,75.35125,36.269999999999996,56.85125000000001,58.05,83.225,103.93125
New Zealand,North America and ANZ,7.2996001239999995,0.039465468,7.376952648,7.222247601000001,10.50094318,0.9491189720000002,73.20262909,0.9362174870000001,0.191598073,0.22113885,1.9723167419999998,1.242317915,1.48721838,1.008138299,0.646789908,0.325726211,0.46126827600000003,2.128108025,4814272,39170,18,263310,14881.0,122.4,72.09,30.756,52.524,62.65,67.19200000000001,111.822
Nigeria,Sub-Saharan Africa,4.724100113,0.05211626,4.826248168999999,4.621952057,8.57662487,0.73721689,49.86190796,0.759578407,0.033745807,0.861874342,1.9723167419999998,0.645901859,0.986717939,0.16783593600000002,0.435079455,0.221328124,0.047589935,2.2196354869999997,205052107,5175990,226,910770,-60000.0,470.0,33.33,30.24,31.86,27.68,27.83,19.41
Norway,Western Europe,7.487999916000001,0.034837384,7.55628109,7.419718742000001,11.08780384,0.952486575,73.20078278,0.955750287,0.13453263,0.26321819399999996,1.9723167419999998,1.42420733,1.4951725009999999,1.0080718990000002,0.670200884,0.287985086,0.43410056799999996,2.168266296,5412632,42384,15,365268,28000.0,10.75,105.185,41.67,75.11999999999999,89.7775,121.44250000000001,109.5475
Pakistan,South Asia,5.69329977,0.048216224,5.78780365,5.598795890999999,8.482727051,0.689062297,58.25313567999999,0.734833717,0.04489987,0.7457054259999999,1.9723167419999996,0.616799474,0.872979581,0.46993324200000003,0.405421734,0.22870506300000001,0.122592121,2.976876736,219992900,4327022,287,770880,-233379.0,513.3333333333334,25.19666666666667,6.3,16.253333333333334,22.340000000000003,20.296666666666667,42.17333333333333
Panama,Latin America and Caribbean,6.304800033999999,0.059724930999999995,6.421860695,6.187739372,10.03423405,0.902094483,69.60301208,0.880366504,-0.153927714,0.851588905,1.9723167419999998,1.097667813,1.3761492969999998,0.878546536,0.57984978,0.097207308,0.054230525999999994,2.221176147,4300667,68328,58,74340,11200.0,306.0,54.91,30.02,43.13,48.72,56.33,43.49
Paraguay,Latin America and Caribbean,5.6921000479999995,0.051957864000000006,5.793937682999999,5.590262413,9.389982224,0.8987278940000001,65.63993835,0.885923445,0.007997713,0.8347885009999999,1.9723167419999998,0.897990823,1.36819756,0.7358696459999999,0.586510062,0.20429924100000002,0.065077379,1.83412528,7114524,87902,18,397300,-16556.0,468.0,33.49,10.53,22.62,26.16,26.26,37.3
Peru,Latin America and Caribbean,5.796800137000001,0.061311204,5.916970253,5.67663002,9.456313133,0.8310752509999999,68.10023499,0.8247660990000001,-0.16238822,0.8937149640000001,1.9723167419999998,0.91854918,1.208405972,0.824444175,0.513210058,0.091611817,0.02703266,2.213499546,32876986,461401,26,1280000,99069.0,385.0,41.47,15.51,29.18,36.03,31.08,39.34
Philippines,Southeast Asia,6.006000042,0.049858402,6.1037225720000015,5.908277512000001,8.993545532,0.8467300529999999,61.926761629999994,0.915463448,-0.10546300600000001,0.7336341140000001,1.972316742,0.7751206759999999,1.2453817130000002,0.602189481,0.6219151620000001,0.12926021199999996,0.13038572699999998,2.501741886,109280343,1464463,368,298170,-67152.0,430.6666666666667,37.31166666666667,12.055,25.356666666666666,35.225,21.185,29.790000000000003
Poland,Central and Eastern Europe,6.186299801000001,0.03550016499999999,6.255880356,6.1167192460000015,10.26512432,0.8742574449999997,69.31113433999998,0.8620557790000002,-0.20508407099999995,0.6869270209999999,1.972316742,1.1692291499999998,1.310399771,0.868038476,0.5579035279999999,0.06337424400000001,0.16054125099999997,2.0567979809999994,37854825,-41157,124,306230,-29395.0,404.8181818181818,39.227272727272734,15.114545454545453,27.81181818181818,29.525454545454544,33.78181818181818,71.30636363636364
Portugal,Western Europe,5.9109001160000005,0.053158198000000004,6.015089989,5.8067102429999995,10.26374245,0.8865907190000002,72.40202332,0.8887478109999998,-0.22071430100000003,0.8926295040000001,1.9723167419999998,1.168800831,1.3395303490000001,0.9793152810000001,0.5898951889999999,0.053036947,0.027733466000000002,1.752558708,10202571,-29478,111,91590,-6000.0,322.6,51.022000000000006,19.212000000000003,35.965999999999994,39.83,40.779999999999994,61.145999999999994
Romania,Central and Eastern Europe,6.1237001420000015,0.047432564,6.216668128999999,6.030732155000001,10.107584000000001,0.825161517,67.20723724000001,0.8428232070000001,-0.19781520999999996,0.9343002439999999,1.9723167419999998,1.1204016209999996,1.1944381,0.79229486,0.5348523260000001,0.06818161899999998,0.0008295689999999998,2.412749767,19262731,-126866,84,230170,-73999.0,429.2,36.687,9.781000000000002,23.952000000000005,28.971999999999998,32.125,56.638999999999996
Russia,Commonwealth of Independent States,5.546000004,0.039609671000000006,5.623634815000002,5.468365192,10.128871919999998,0.9031507370000001,64.10045623999999,0.7298926120000001,-0.15115374300000003,0.8648025990000002,1.972316742,1.1269996169999998,1.378644109,0.6804459099999999,0.399499595,0.099041916,0.045699362000000014,1.8157167429999996,145922010,62206,9,16376870,182456.0,443.0,35.559999999999995,12.116666666666665,24.46416666666666,28.480000000000004,36.19583333333333,48.42166666666666
Saudi Arabia,Middle East and North Africa,6.406499863,0.056533612000000004,6.517305851000001,6.2956938739999995,10.79781246,0.874067068,66.30514526,0.854191244,-0.16869506199999998,0.682619512,1.9723167419999998,1.334328532,1.309950113,0.759818137,0.548477471,0.087440684,0.163322315,2.203118801,34701377,545343,16,2149690,134979.0,331.25,49.532500000000006,13.2375,32.349999999999994,39.9025,34.145,123.6
Serbia,Central and Eastern Europe,5.77820015,0.050712325,5.877596378,5.678803921,9.680980682000001,0.881475747,68.21020508,0.726495862,-0.073676221,0.8435090180000001,1.9723167419999996,0.9881818290000001,1.327448964,0.828403294,0.395428419,0.15028289,0.059447147,2.0290400980000003,8744288,-34864,100,87460,4000.0,431.6666666666667,36.553333333333335,8.069999999999999,23.069999999999997,26.783333333333335,30.78333333333333,44.07333333333333
Singapore,Southeast Asia,6.377099991000001,0.033258967,6.442287445,6.311912537,11.39552116,0.9102689620000001,76.80458069,0.926645339,0.029879224,0.109784193,1.9723167419999998,1.519580126,1.39545691,1.137814283,0.635317206,0.21877090600000001,0.533162236,0.9370317459999999,5840996,46005,8358,700,27028.0,38.0,80.4,60.38,70.92,66.82,59.4,99.15
Slovakia,Central and Eastern Europe,6.280600071,0.03889757,6.35683918,6.204360962000001,10.34774971,0.9224937559999999,68.90634155,0.7499526740000001,-0.12440930300000001,0.918096125,1.9723167419999998,1.194837689,1.424331188,0.853465259,0.423542529,0.11672977400000001,0.011291441000000001,2.256422043,5459116,2629,114,48088,1485.0,343.5,47.455,18.79,33.885,38.2,38.16,66.905
Slovenia,Central and Eastern Europe,6.363399982000001,0.043841314000000006,6.449328899,6.277471066,10.39232254,0.939575672,71.1029892,0.936142623,-0.080603383,0.817071021,1.9723167419999998,1.208652496,1.464677691,0.932548046,0.646700144,0.145701498,0.076516323,1.888586521,2078881,284,103,20140,2000.0,318.0,52.82,14.950000000000001,34.894999999999996,41.53,46.205,84.03
South Africa,Sub-Saharan Africa,4.814099789,0.060023591,4.931746006,4.696453571,9.403370857,0.8525322679999998,56.50601196,0.7593300940000001,-0.109777324,0.8434238429999998,1.9723167419999998,0.9021404390000001,1.259086251,0.407034069,0.43478182,0.12640684800000002,0.05950214,1.625117302,59154802,750420,49,1213090,145405.0,377.0,42.574,16.7,30.326,33.212,41.182,88.26400000000001
South Korea,East Asia,5.872399807000001,0.044085015,5.958806515,5.785993099,10.51056671,0.7993871570000001,73.60272979999999,0.6129651070000001,-0.043404032,0.789067447,1.9723167419999998,1.245300651,1.133560538,1.0225425959999999,0.25935635,0.17030386600000003,0.09459628199999999,1.946757078,51260395,43877,527,97230,11731.0,32.0,81.96,33.01,58.79,93.57,50.34,102.63
Spain,Western Europe,6.400899887,0.04230036999999998,6.483808517000001,6.317991257000002,10.462926859999998,0.9211254120000002,74.40270996000001,0.7519895429999999,-0.050961714000000005,0.765859902,1.972316742,1.2305352690000002,1.4210991859999995,1.0513430829999997,0.42598381599999996,0.16530548,0.10957977900000002,1.9970884319999995,46751175,18002,94,498800,40000.0,302.0,55.10727272727272,21.535454545454545,39.21636363636364,43.14636363636363,55.53818181818181,86.4190909090909
Sri Lanka,South Asia,4.327000141,0.053085525,4.431047916,4.222952366,9.389969826,0.825374067,67.20006561,0.837633669,0.081129618,0.859001756,1.9723167419999998,0.897986948,1.19494009,0.792036712,0.528632462,0.25266614600000004,0.049444564,0.611288548,21395196,89516,341,62710,-97986.0,436.0,36.0,10.87,24.11,37.8,21.2,27.54
Sweden,Western Europe,7.353499889,0.036234196,7.424519062000001,7.282480717,10.75879383,0.926311195,72.60076904,0.939144194,0.111614622,0.250880182,1.9723167419999998,1.322235227,1.4333477019999998,0.9864704609999999,0.6502977010000001,0.272827893,0.442066371,2.246299267,10086531,62886,25,410340,40000.0,150.25,70.4725,30.2575,51.432500000000005,59.942499999999995,77.38499999999999,116.86749999999999
Switzerland,Western Europe,7.559899807000001,0.035014171000000004,7.628527640999999,7.491271972999999,10.97993279,0.942846596,74.10244751,0.921336651,0.105911039,0.3037284310000001,1.972316742,1.39077425,1.4724034069999998,1.040533185,0.62895447,0.269055754,0.407945901,2.3502674100000003,8641786,63257,219,39516,52000.0,4.666666666666667,120.63166666666667,52.845,88.54333333333334,115.935,122.38833333333334,132.77666666666667
Tanzania,Sub-Saharan Africa,3.4762001039999997,0.06320975,3.600091219,3.352308989,7.967665195,0.6889331940000001,57.49607468,0.82153976,0.10966868699999999,0.619799435,1.9723167419999998,0.457163125,0.872674644,0.442677855,0.5093430879999999,0.27154091,0.20388086100000002,0.718963385,59368313,1728755,67,885800,-40076.0,363.0,44.33,22.22,33.87,30.77,32.43,29.36
Thailand,Southeast Asia,5.9987998010000005,0.042596295,6.082288742,5.91531086,9.741791725,0.8899732229999999,67.25059509,0.905063033,0.268685192,0.8862723109999999,1.9723167419999998,1.007029295,1.3475195169999998,0.7938558459999999,0.609449804,0.376709014,0.031837862,1.8323841090000001,69764925,174396,137,510890,19444.0,356.25,45.9125,17.7975,32.605000000000004,47.394999999999996,26.5625,41.19
Tunisia,Middle East and North Africa,4.392199993,0.049670532,4.489554405,4.294845581000001,9.314972877999999,0.6887185570000001,66.89785767,0.593361557,-0.216413811,0.867590249,1.9723167419999998,0.874742687,0.8721677059999999,0.781156719,0.23586055600000003,0.055881143,0.043899573,1.528496742,11793319,123900,76,155360,-4000.0,506.0,26.53,6.83,17.21,24.26,15.87,35.51
Turkey,Middle East and North Africa,5.131800175,0.039838459,5.20988369,5.05371666,10.12941933,0.8263135550000001,66.90281677,0.6088304520000001,-0.17104643600000002,0.748197377,1.9723167419999998,1.127169251,1.197159171,0.781335294,0.25440076,0.08588556900000001,0.120983243,1.5648167130000001,84153250,909452,110,769630,283922.0,450.8,34.83,7.49,21.892000000000003,29.514,25.086000000000002,58.25
Uganda,Sub-Saharan Africa,4.43200016,0.068495452,4.566251278,4.2977490430000005,7.500389576,0.7649946209999999,55.70820236,0.7317139509999999,0.099487431,0.8367378120000001,1.9723167419999998,0.31233742800000003,1.052327394,0.378311664,0.401682556,0.264807373,0.063818842,1.9586710930000002,45427637,1471413,229,199810,168694.0,482.0,31.51,9.36,21.02,25.6,25.09,24.38
Ukraine,Commonwealth of Independent States,4.56069994,0.049683895,4.658080578,4.4633193019999995,9.010690689,0.8788793679999999,64.60678101,0.663081884,-0.030933706000000002,0.9206367140000001,1.972316742,0.7804346080000001,1.321316481,0.6986743809999999,0.319423705,0.17855131600000004,0.00965116,1.2526693340000001,43785122,-259876,75,579320,10000.0,501.5,27.549999999999997,9.104999999999999,18.816666666666666,20.51,21.941666666666666,32.91833333333333
United Arab Emirates,Middle East and North Africa,6.790800094999999,0.040698379,6.8705687520000005,6.711031437,11.1099987,0.8491811159999999,67.08278656,0.941345513,0.12345084499999999,0.594502211,1.9723167419999996,1.4310864209999998,1.251170993,0.787814438,0.652936101,0.28065598,0.220213518,2.166965961,9865845,119873,118,83600,40000.0,299.3333333333333,56.23666666666667,45.203333333333326,51.01333333333334,43.29,52.78333333333334,124.07000000000001
United Kingdom,Western Europe,7.1645002369999995,0.03716190900000001,7.237337588999998,7.091662883999995,10.600134850000002,0.9366828200000006,72.30160522000004,0.8347436789999998,0.26373249300000007,0.4359159170000004,1.9723167419999985,1.2730610370000002,1.457844973,0.9757000799999995,0.5251686569999999,0.373433441,0.32260164600000013,2.2367219919999997,67814098,355839,281,241930,260650.0,181.19354838709677,67.78193548387097,30.867419354838706,50.308387096774204,52.352258064516114,76.44354838709677,114.47258064516129
United States,North America and ANZ,6.9395999910000015,0.047316168000000026,7.032339573000001,6.846860408999993,10.925768849999999,0.9142190219999997,68.29949950999995,0.8426195380000003,0.14989173399999992,0.6997153159999996,1.972316742,1.3739868400000004,1.4047867060000012,0.8316180110000003,0.5346082450000003,0.29814305899999965,0.15228474099999992,2.344124793999999,330610570,1937734,36,9147420,954806.0,64.91111111111111,79.19311111111112,54.738666666666674,67.61688888888891,76.29888888888891,79.122,121.96933333333335
Uruguay,Latin America and Caribbean,6.440100192999999,0.045419082,6.529121399,6.351078987,9.948192596,0.92281127,69.00254822,0.892395437,-0.101103112,0.635994136,1.9723167419999998,1.071000457,1.425081134,0.856928885,0.59426707,0.132143691,0.19342507399999997,2.167276382,3471314,11996,20,175020,-3000.0,295.0,58.05,17.98,39.09,44.97,56.33,50.08
Uzbekistan,Commonwealth of Independent States,6.257599831,0.05422755,6.36388588,6.151313782000001,8.740371704,0.926595807,65.10757446,0.974998116,0.248427153,0.501497388,1.9723167419999998,0.6966529490000001,1.4340200419999998,0.716703713,0.6932703259999999,0.36331102299999996,0.280260265,2.073346615,33368859,487487,79,425400,-8863.0,490.0,29.94,9.43,20.23,24.99,21.66,25.17
Venezuela,Latin America and Caribbean,5.053199768,0.06428051,5.179189682,4.927209854,8.977793693999999,0.890408158,66.50534058,0.62327832,-0.16909050899999997,0.837038398,1.9723167419999998,0.7702386379999999,1.3485468630000002,0.76702553,0.271717221,0.08717915400000001,0.06362477700000001,1.74484086,28451828,-79889,32,882050,-653249.0,500.0,27.82,8.43,18.64,28.4,23.63,4.18
Vietnam,Southeast Asia,5.353499889,0.033800762000000005,5.41974926,5.287250519,8.809545517,0.849987149,67.95273590000001,0.939592957,-0.094533332,0.79642123,1.9723167419999998,0.718092382,1.253074765,0.819133997,0.650835574,0.136488721,0.089848459,1.685977936,97160127,876473,314,310070,-80000.0,416.0,38.08,14.735,27.03,36.08,20.305,37.22
Zimbabwe,Sub-Saharan Africa,3.2992000580000003,0.058674462000000004,3.414201975,3.1841981410000004,7.865711688999999,0.7630927559999999,55.61725998,0.711457908,-0.072063953,0.81023699,1.9723167419999998,0.425564021,1.0478352309999999,0.375037611,0.37740472,0.151349187,0.080928579,0.841031075,14818157,217456,38,386850,-116858.0,343.0,47.78,13.31,31.46,40.14,34.75,27.7
